{
  "baseline": {
    "psnr": 34.13130452387251,
    "ssim": 0.9161957255953805,
    "mse": 36.09280637105306
  },
  "finetuned": {
    "psnr": 35.23276156703638,
    "ssim": 0.9322330838407773,
    "mse": 27.26302261352539
  }
}